<LibraryDocument xmlns:xsi="http://www.w3.org/2001/XMLSchema-instance" xmlns:xsd="http://www.w3.org/2001/XMLSchema"><Properties><Property Name="HasTemporaryContent" Value="True" /></Properties><Contents><Content UniqueId="fa505b5f-fc91-4225-8769-84c2c99c83af" Hash="" Description="Content_d5de7071-2e7f-492c-a8d6-deb7153f37fa" RelativePath="Content_d5de7071-2e7f-492c-a8d6-deb7153f37fa" FullPath=".\\CurrentPreview_files\Content_d5de7071-2e7f-492c-a8d6-deb7153f37fa\" SingleFile="false" StorageType="FileSystem" FullOwnership="true" OriginalPath="\\florida\pkgsource$\Applications\Microsoft\Microsoft 365 Apps\Current Preview Channel\Set Update Channel\" OriginalStorage="FileSystem" /></Contents><EntryObjects><Object Path="SMS_Application.ModelName='ScopeId_A9117680-D054-482B-BC97-532E6CBD0E6B/Application_a254d3ba-b18e-4085-b72c-d3d242dbe45a',CIVersion=4" Type="SMS_Application" /><Object Path="SMS_CategoryInstance.CategoryInstance_UniqueID='CatalogCategories:c2ddf2ec-09dd-40ac-a163-c57bcaf4c08c'" Type="SMS_CategoryInstance" /></EntryObjects></LibraryDocument>