<LibraryDocument xmlns:xsi="http://www.w3.org/2001/XMLSchema-instance" xmlns:xsd="http://www.w3.org/2001/XMLSchema"><Properties><Property Name="HasTemporaryContent" Value="True" /></Properties><Contents><Content UniqueId="2b5492b1-9ed8-442c-bf89-9620d672e39e" Hash="" Description="Content_4d2d7636-41a2-40d6-85e4-e4006930dce8" RelativePath="Content_4d2d7636-41a2-40d6-85e4-e4006930dce8" FullPath=".\\MonthlyEnterprise_files\Content_4d2d7636-41a2-40d6-85e4-e4006930dce8\" SingleFile="false" StorageType="FileSystem" FullOwnership="true" OriginalPath="\\florida\pkgsource$\Applications\Microsoft\Microsoft 365 Apps\Monthly Enterprise Channel\Set Update Channel\" OriginalStorage="FileSystem" /></Contents><EntryObjects><Object Path="SMS_Application.ModelName='ScopeId_A9117680-D054-482B-BC97-532E6CBD0E6B/Application_6346a9af-d6b4-4d8c-86f0-90418c39aea0',CIVersion=7" Type="SMS_Application" /><Object Path="SMS_CategoryInstance.CategoryInstance_UniqueID='CatalogCategories:c2ddf2ec-09dd-40ac-a163-c57bcaf4c08c'" Type="SMS_CategoryInstance" /></EntryObjects></LibraryDocument>