<LibraryDocument xmlns:xsi="http://www.w3.org/2001/XMLSchema-instance" xmlns:xsd="http://www.w3.org/2001/XMLSchema"><Properties><Property Name="HasTemporaryContent" Value="True" /></Properties><Contents><Content UniqueId="035eaa24-2ed8-4211-8802-9b3e5e798348" Hash="" Description="Content_81bb97fd-237a-450d-8156-dea737cd4e7d" RelativePath="Content_81bb97fd-237a-450d-8156-dea737cd4e7d" FullPath=".\\SemiAnnualEnterprise_files\Content_81bb97fd-237a-450d-8156-dea737cd4e7d\" SingleFile="false" StorageType="FileSystem" FullOwnership="true" OriginalPath="\\florida\pkgsource$\Applications\Microsoft\Microsoft 365 Apps\Semi-Annual Enterprise Channel\Set Update Channel\" OriginalStorage="FileSystem" /></Contents><EntryObjects><Object Path="SMS_Application.ModelName='ScopeId_A9117680-D054-482B-BC97-532E6CBD0E6B/Application_1f9a8921-5ac7-4a7b-ab98-53072efed966',CIVersion=4" Type="SMS_Application" /><Object Path="SMS_CategoryInstance.CategoryInstance_UniqueID='CatalogCategories:c2ddf2ec-09dd-40ac-a163-c57bcaf4c08c'" Type="SMS_CategoryInstance" /></EntryObjects></LibraryDocument>