<LibraryDocument xmlns:xsi="http://www.w3.org/2001/XMLSchema-instance" xmlns:xsd="http://www.w3.org/2001/XMLSchema"><Properties><Property Name="HasTemporaryContent" Value="True" /></Properties><Contents><Content UniqueId="b2983d65-6197-40c9-a5ab-f0a8167ab589" Hash="" Description="Content_5c8ebd75-c501-41c8-927b-115632efcac2" RelativePath="Content_5c8ebd75-c501-41c8-927b-115632efcac2" FullPath=".\\SemiAnnualEnterprisePreview_files\Content_5c8ebd75-c501-41c8-927b-115632efcac2\" SingleFile="false" StorageType="FileSystem" FullOwnership="true" OriginalPath="\\florida\pkgsource$\Applications\Microsoft\Microsoft 365 Apps\Semi-Annual Enterprise Preview Channel\Set Update Channel\" OriginalStorage="FileSystem" /></Contents><EntryObjects><Object Path="SMS_Application.ModelName='ScopeId_A9117680-D054-482B-BC97-532E6CBD0E6B/Application_68f63c3c-d331-4a8e-87b3-0080dc9f74ff',CIVersion=4" Type="SMS_Application" /><Object Path="SMS_CategoryInstance.CategoryInstance_UniqueID='CatalogCategories:c2ddf2ec-09dd-40ac-a163-c57bcaf4c08c'" Type="SMS_CategoryInstance" /></EntryObjects></LibraryDocument>