<LibraryDocument xmlns:xsi="http://www.w3.org/2001/XMLSchema-instance" xmlns:xsd="http://www.w3.org/2001/XMLSchema"><Properties><Property Name="HasTemporaryContent" Value="True" /></Properties><Contents><Content UniqueId="f2e68934-779d-41fb-a81c-84a1f9ac3083" Hash="" Description="Content_24c2f992-b592-4017-9fba-05f629d89e40" RelativePath="Content_24c2f992-b592-4017-9fba-05f629d89e40" FullPath=".\\Beta_files\Content_24c2f992-b592-4017-9fba-05f629d89e40\" SingleFile="false" StorageType="FileSystem" FullOwnership="true" OriginalPath="\\florida\pkgsource$\Applications\Microsoft\Microsoft 365 Apps\Beta Channel\Set Update Channel\" OriginalStorage="FileSystem" /></Contents><EntryObjects><Object Path="SMS_Application.ModelName='ScopeId_A9117680-D054-482B-BC97-532E6CBD0E6B/Application_73039a25-eb35-428a-99a9-6023ce8f755e',CIVersion=10" Type="SMS_Application" /><Object Path="SMS_CategoryInstance.CategoryInstance_UniqueID='CatalogCategories:c2ddf2ec-09dd-40ac-a163-c57bcaf4c08c'" Type="SMS_CategoryInstance" /></EntryObjects></LibraryDocument>