<LibraryDocument xmlns:xsi="http://www.w3.org/2001/XMLSchema-instance" xmlns:xsd="http://www.w3.org/2001/XMLSchema"><Properties><Property Name="HasTemporaryContent" Value="True" /></Properties><Contents><Content UniqueId="dfadec2a-ee7f-422c-be32-5a47bb51fa72" Hash="" Description="Content_74f93d56-a8b1-4ed7-bd22-88196a64dd51" RelativePath="Content_74f93d56-a8b1-4ed7-bd22-88196a64dd51" FullPath=".\\Current_files\Content_74f93d56-a8b1-4ed7-bd22-88196a64dd51\" SingleFile="false" StorageType="FileSystem" FullOwnership="true" OriginalPath="\\florida\pkgsource$\Applications\Microsoft\Microsoft 365 Apps\Current Channel\Set Update Channel\" OriginalStorage="FileSystem" /></Contents><EntryObjects><Object Path="SMS_Application.ModelName='ScopeId_A9117680-D054-482B-BC97-532E6CBD0E6B/Application_1a445bfc-dfc0-4806-8de8-d32518a17ad2',CIVersion=4" Type="SMS_Application" /><Object Path="SMS_CategoryInstance.CategoryInstance_UniqueID='CatalogCategories:c2ddf2ec-09dd-40ac-a163-c57bcaf4c08c'" Type="SMS_CategoryInstance" /></EntryObjects></LibraryDocument>