<INSTANCE CLASSNAME="SMS_CategoryInstance"><QUALIFIER NAME="dynamic" PROPAGATED="true" TYPE="boolean" TOSUBCLASS="false" TOINSTANCE="true"><VALUE>TRUE</VALUE></QUALIFIER><PROPERTY NAME="__PATH" CLASSORIGIN="___SYSTEM" TYPE="string"><VALUE>\\FLORIDA\root\sms\site_KR1:SMS_CategoryInstance.CategoryInstanceID=16777827</VALUE></PROPERTY><PROPERTY NAME="__NAMESPACE" CLASSORIGIN="___SYSTEM" TYPE="string"><VALUE>root\sms\site_KR1</VALUE></PROPERTY><PROPERTY NAME="__SERVER" CLASSORIGIN="___SYSTEM" TYPE="string"><VALUE>FLORIDA</VALUE></PROPERTY><PROPERTY.ARRAY NAME="__DERIVATION" CLASSORIGIN="___SYSTEM" TYPE="string"><VALUE.ARRAY><VALUE>SMS_CategoryInstanceBase</VALUE><VALUE>SMS_BaseClass</VALUE></VALUE.ARRAY></PROPERTY.ARRAY><PROPERTY NAME="__PROPERTY_COUNT" CLASSORIGIN="___SYSTEM" TYPE="sint32"><VALUE>8</VALUE></PROPERTY><PROPERTY NAME="__RELPATH" CLASSORIGIN="___SYSTEM" TYPE="string"><VALUE>SMS_CategoryInstance.CategoryInstanceID=16777827</VALUE></PROPERTY><PROPERTY NAME="__DYNASTY" CLASSORIGIN="___SYSTEM" TYPE="string"><VALUE>SMS_BaseClass</VALUE></PROPERTY><PROPERTY NAME="__SUPERCLASS" CLASSORIGIN="___SYSTEM" TYPE="string"><VALUE>SMS_CategoryInstanceBase</VALUE></PROPERTY><PROPERTY NAME="__CLASS" CLASSORIGIN="___SYSTEM" TYPE="string"><VALUE>SMS_CategoryInstance</VALUE></PROPERTY><PROPERTY NAME="__GENUS" CLASSORIGIN="___SYSTEM" TYPE="sint32"><VALUE>2</VALUE></PROPERTY><PROPERTY NAME="CategoryInstance_UniqueID" CLASSORIGIN="SMS_CategoryInstanceBase" TYPE="string"><QUALIFIER NAME="CIMTYPE" PROPAGATED="true" TYPE="string" TOINSTANCE="true"><VALUE>string</VALUE></QUALIFIER><VALUE>CatalogCategories:c2ddf2ec-09dd-40ac-a163-c57bcaf4c08c</VALUE></PROPERTY><PROPERTY NAME="CategoryInstanceID" CLASSORIGIN="SMS_CategoryInstanceBase" TYPE="uint32"><QUALIFIER NAME="CIMTYPE" PROPAGATED="true" TYPE="string" TOINSTANCE="true"><VALUE>uint32</VALUE></QUALIFIER><QUALIFIER NAME="key" PROPAGATED="true" TYPE="boolean" OVERRIDABLE="false" TOINSTANCE="true"><VALUE>TRUE</VALUE></QUALIFIER><VALUE>16777827</VALUE></PROPERTY><PROPERTY NAME="CategoryTypeName" CLASSORIGIN="SMS_CategoryInstanceBase" TYPE="string"><QUALIFIER NAME="CIMTYPE" PROPAGATED="true" TYPE="string" TOINSTANCE="true"><VALUE>string</VALUE></QUALIFIER><VALUE>CatalogCategories</VALUE></PROPERTY><PROPERTY NAME="LocalizedCategoryInstanceName" CLASSORIGIN="SMS_CategoryInstanceBase" TYPE="string"><QUALIFIER NAME="CIMTYPE" PROPAGATED="true" TYPE="string" TOINSTANCE="true"><VALUE>string</VALUE></QUALIFIER><VALUE>Microsoft 365 Apps Update Channels</VALUE></PROPERTY><PROPERTY.OBJECTARRAY NAME="LocalizedInformation" CLASSORIGIN="SMS_CategoryInstanceBase" REFERENCECLASS="SMS_Category_LocalizedProperties"><QUALIFIER NAME="CIMTYPE" PROPAGATED="true" TYPE="string" TOINSTANCE="true"><VALUE>object:SMS_Category_LocalizedProperties</VALUE></QUALIFIER><VALUE.OBJECTARRAY><VALUE.OBJECT><INSTANCE CLASSNAME="SMS_Category_LocalizedProperties"><PROPERTY NAME="__PATH" CLASSORIGIN="___SYSTEM" TYPE="string"></PROPERTY><PROPERTY NAME="__NAMESPACE" CLASSORIGIN="___SYSTEM" TYPE="string"></PROPERTY><PROPERTY NAME="__SERVER" CLASSORIGIN="___SYSTEM" TYPE="string"></PROPERTY><PROPERTY.ARRAY NAME="__DERIVATION" CLASSORIGIN="___SYSTEM" TYPE="string"><VALUE.ARRAY></VALUE.ARRAY></PROPERTY.ARRAY><PROPERTY NAME="__PROPERTY_COUNT" CLASSORIGIN="___SYSTEM" TYPE="sint32"><VALUE>2</VALUE></PROPERTY><PROPERTY NAME="__RELPATH" CLASSORIGIN="___SYSTEM" TYPE="string"></PROPERTY><PROPERTY NAME="__DYNASTY" CLASSORIGIN="___SYSTEM" TYPE="string"><VALUE>SMS_Category_LocalizedProperties</VALUE></PROPERTY><PROPERTY NAME="__SUPERCLASS" CLASSORIGIN="___SYSTEM" TYPE="string"></PROPERTY><PROPERTY NAME="__CLASS" CLASSORIGIN="___SYSTEM" TYPE="string"><VALUE>SMS_Category_LocalizedProperties</VALUE></PROPERTY><PROPERTY NAME="__GENUS" CLASSORIGIN="___SYSTEM" TYPE="sint32"><VALUE>2</VALUE></PROPERTY><PROPERTY NAME="CategoryInstanceName" CLASSORIGIN="SMS_Category_LocalizedProperties" TYPE="string"><QUALIFIER NAME="CIMTYPE" PROPAGATED="true" TYPE="string" TOINSTANCE="true"><VALUE>string</VALUE></QUALIFIER><VALUE>Microsoft 365 Apps Update Channels</VALUE></PROPERTY><PROPERTY NAME="LocaleID" CLASSORIGIN="SMS_Category_LocalizedProperties" TYPE="uint32"><QUALIFIER NAME="CIMTYPE" PROPAGATED="true" TYPE="string" TOINSTANCE="true"><VALUE>uint32</VALUE></QUALIFIER><VALUE>0</VALUE></PROPERTY></INSTANCE></VALUE.OBJECT></VALUE.OBJECTARRAY></PROPERTY.OBJECTARRAY><PROPERTY NAME="LocalizedPropertyLocaleID" CLASSORIGIN="SMS_CategoryInstanceBase" TYPE="uint32"><QUALIFIER NAME="CIMTYPE" PROPAGATED="true" TYPE="string" TOINSTANCE="true"><VALUE>uint32</VALUE></QUALIFIER><VALUE>0</VALUE></PROPERTY><PROPERTY NAME="ParentCategoryInstanceID" CLASSORIGIN="SMS_CategoryInstanceBase" TYPE="uint32"><QUALIFIER NAME="CIMTYPE" PROPAGATED="true" TYPE="string" TOINSTANCE="true"><VALUE>uint32</VALUE></QUALIFIER><VALUE>0</VALUE></PROPERTY><PROPERTY NAME="SourceSite" CLASSORIGIN="SMS_CategoryInstanceBase" TYPE="string"><QUALIFIER NAME="CIMTYPE" PROPAGATED="true" TYPE="string" TOINSTANCE="true"><VALUE>string</VALUE></QUALIFIER><VALUE>KR1</VALUE></PROPERTY></INSTANCE>